STATION,Site Name,DateTime,Oxidised nitrogen (mg/L) ,Ammonium nitrogen,DIN,Flow at sample time,Equipment contamination,Sample Temp,Days from sample to analysis,Days to filtering
126001A,Sandy Creek at Homebush,5/01/2010 10:30,0.587,0.088,0.675,Low flow,,Normal,7,
126001A,Sandy Creek at Homebush,25/01/2010 9:10,0.359,0.037,0.396,High flow,,Normal,51,
126001A,Sandy Creek at Homebush,25/01/2010 16:00,0.799,0.02,0.819,High flow,,Normal,51,
126001A,Sandy Creek at Homebush,26/01/2010 9:00,0.383,0.018,0.401,High flow,,Normal,50,
126001A,Sandy Creek at Homebush,27/01/2010 8:45,0.158,0.012,0.17,High flow,,Normal,49,
126001A,Sandy Creek at Homebush,28/01/2010 8:45,0.168,0.021,0.189,Low flow,,Normal,48,
126001A,Sandy Creek at Homebush,29/01/2010 14:45,0.249,0.028,0.277,Low flow,,Normal,47,
126001A,Sandy Creek at Homebush,31/01/2010 9:15,0.045,0.01,0.055,High flow,,Normal,45,
126001A,Sandy Creek at Homebush,1/02/2010 9:40,0.058,0.012,0.07,High flow,,Normal,44,
126001A,Sandy Creek at Homebush,2/02/2010 10:00,0.111,0.018,0.129,High flow,,Normal,43,
126001A,Sandy Creek at Homebush,10/02/2010 7:00,0.084,0.009,0.093,High flow,,Normal,44,
126001A,Sandy Creek at Homebush,10/02/2010 16:00,0.072,0.01,0.082,High flow,,Normal,44,
126001A,Sandy Creek at Homebush,11/02/2010 7:45,0.069,0.016,0.085,High flow,,Normal,43,
126001A,Sandy Creek at Homebush,12/02/2010 9:00,0.056,0.011,0.067,High flow,,Normal,42,
126001A,Sandy Creek at Homebush,13/02/2010 7:45,0.09,0.015,0.105,Low flow,,Normal,41,
126001A,Sandy Creek at Homebush,18/02/2010 8:00,0.041,0.009,0.05,High flow,,Normal,36,
126001A,Sandy Creek at Homebush,19/02/2010 8:00,0.034,0.011,0.045,High flow,,Normal,35,
126001A,Sandy Creek at Homebush,20/02/2010 8:45,0.111,0.028,0.139,Low flow,,Normal,34,
126001A,Sandy Creek at Homebush,21/02/2010 18:30,0.037,0.01,0.047,High flow,,Normal,33,
126001A,Sandy Creek at Homebush,22/02/2010 9:15,0.045,0.01,0.055,High flow,,Normal,32,
126001A,Sandy Creek at Homebush,23/02/2010 9:40,0.063,0.017,0.08,High flow,,Normal,64,
126001A,Sandy Creek at Homebush,24/02/2010 13:10,0.114,0.021,0.135,Low flow,,Normal,63,
126001A,Sandy Creek at Homebush,26/02/2010 9:20,0.047,0.012,0.059,High flow,,Normal,61,
126001A,Sandy Creek at Homebush,27/02/2010 11:15,0.052,0.015,0.067,High flow,,Normal,60,
126001A,Sandy Creek at Homebush,22/03/2010 9:00,0.025,0.006,0.031,High flow,,Normal,37,
126001A,Sandy Creek at Homebush,24/03/2010 14:30,0.056,0.015,0.071,High flow,,Normal,35,
126001A,Sandy Creek at Homebush,26/03/2010 10:45,0.178,0.015,0.193,High flow,,Normal,33,
126001A,Sandy Creek at Homebush,28/04/2010 14:45,1.26,0.017,1.277,Low flow,,Normal,22,
126001A,Sandy Creek at Homebush,28/05/2010 10:20,1.68,0.029,1.709,Low flow,,Normal,27,
126001A,Sandy Creek at Homebush,28/06/2010 11:50,1.81,0.028,1.838,Low flow,,Normal,15,
126001A,Sandy Creek at Homebush,23/07/2010 13:30,1.85,0.002,1.852,Low flow,,Normal,,
126001A,Sandy Creek at Homebush,24/08/2010 10:15,0.014,0.031,0.045,Low flow,,Normal,9,
126001A,Sandy Creek at Homebush,30/09/2010 11:45,0.301,0.089,0.39,First Flush,,Normal,8,
126001A,Sandy Creek at Homebush,30/09/2010 16:25,0.224,0.08,0.304,First Flush,,Normal,8,
126001A,Sandy Creek at Homebush,26/10/2010 9:55,0.849,0.043,0.892,Low flow,,Normal,37,
126001A,Sandy Creek at Homebush,11/11/2010 8:10,0.475,0.049,0.524,High flow,,Normal,33,
126001A,Sandy Creek at Homebush,16/11/2010 8:20,0.93,0.165,1.095,High flow,,Normal,28,
126001A,Sandy Creek at Homebush,16/11/2010 15:40,1.02,0.172,1.192,High flow,,Normal,28,
126001A,Sandy Creek at Homebush,17/11/2010 8:25,0.639,0.094,0.733,High flow,,Normal,34,
126001A,Sandy Creek at Homebush,18/11/2010 15:00,0.439,0.062,0.501,High flow,,Normal,33,
126001A,Sandy Creek at Homebush,19/11/2010 8:20,0.531,0.063,0.594,High flow,,Normal,34,
126001A,Sandy Creek at Homebush,19/11/2010 15:00,0.445,0.073,0.518,High flow,,Normal,34,
126001A,Sandy Creek at Homebush,20/11/2010 9:30,0.366,0.073,0.439,High flow,,Normal,33,
126001A,Sandy Creek at Homebush,20/11/2010 17:55,0.338,0.076,0.414,High flow,,Normal,33,
126001A,Sandy Creek at Homebush,21/11/2010 8:40,0.157,0.04,0.197,High flow,,Normal,32,
126001A,Sandy Creek at Homebush,21/11/2010 16:30,0.191,0.034,0.225,High flow,,Normal,32,
126001A,Sandy Creek at Homebush,22/11/2010 9:00,0.094,0.027,0.121,High flow,,Normal,31,
126001A,Sandy Creek at Homebush,22/11/2010 15:45,0.096,0.025,0.121,High flow,,Normal,31,
126001A,Sandy Creek at Homebush,23/11/2010 8:15,0.125,0.026,0.151,High flow,,Normal,30,
126001A,Sandy Creek at Homebush,23/11/2010 14:45,0.112,0.024,0.136,High flow,,Normal,30,
126001A,Sandy Creek at Homebush,24/11/2010 8:30,0.112,0.028,0.14,High flow,,Normal,29,
126001A,Sandy Creek at Homebush,24/11/2010 14:40,0.105,0.02,0.125,High flow,,Normal,29,
126001A,Sandy Creek at Homebush,25/11/2010 8:15,0.07,0.019,0.089,High flow,,Normal,27,
126001A,Sandy Creek at Homebush,26/11/2010 8:40,0.082,0.023,0.105,High flow,,Normal,26,
126001A,Sandy Creek at Homebush,29/11/2010 10:00,0.24,0.026,0.266,Low flow,,Normal,23,
126001A,Sandy Creek at Homebush,30/11/2010 8:40,0.234,0.024,0.258,High flow,,Normal,52,
126001A,Sandy Creek at Homebush,30/11/2010 15:30,0.145,0.021,0.166,High flow,,Normal,52,
126001A,Sandy Creek at Homebush,1/12/2010 8:45,0.078,0.016,0.094,High flow,,Normal,51,
126001A,Sandy Creek at Homebush,1/12/2010 14:55,0.069,0.019,0.088,High flow,,Normal,51,
126001A,Sandy Creek at Homebush,2/12/2010 9:00,0.034,0.002,0.036,High flow,,Normal,50,
126001A,Sandy Creek at Homebush,2/12/2010 15:05,0.055,0.013,0.068,Low flow,,Normal,50,
126001A,Sandy Creek at Homebush,3/12/2010 9:05,0.061,0.016,0.077,High flow,,Normal,49,
126001A,Sandy Creek at Homebush,3/12/2010 15:10,0.053,0.011,0.064,High flow,,Normal,49,
126001A,Sandy Creek at Homebush,6/12/2010 8:45,0.177,0.022,0.199,Low flow,,Normal,46,
126001A,Sandy Creek at Homebush,7/12/2010 8:50,0.057,0.014,0.071,High flow,,Normal,63,
126001A,Sandy Creek at Homebush,7/12/2010 15:55,0.071,0.014,0.085,High flow,,Normal,63,
126001A,Sandy Creek at Homebush,8/12/2010 8:50,0.076,0.015,0.091,High flow,,Normal,62,
126001A,Sandy Creek at Homebush,9/12/2010 8:45,0.124,0.017,0.141,High flow,,Normal,61,
126001A,Sandy Creek at Homebush,13/12/2010 8:50,0.077,0.015,0.092,High flow,,Normal,57,
126001A,Sandy Creek at Homebush,13/12/2010 15:00,0.089,0.013,0.102,High flow,,Normal,57,
126001A,Sandy Creek at Homebush,14/12/2010 8:45,0.119,0.014,0.133,High flow,,Normal,56,
126001A,Sandy Creek at Homebush,21/12/2010 8:40,0.288,0.303,0.591,High flow,,Normal,66,
126001A,Sandy Creek at Homebush,21/12/2010 13:00,0.269,0.241,0.51,High flow,,Normal,66,
126001A,Sandy Creek at Homebush,24/12/2010 8:50,0.216,0.121,0.337,High flow,,Normal,76,
126001A,Sandy Creek at Homebush,24/12/2010 16:20,0.163,0.05,0.213,High flow,,Normal,76,
126001A,Sandy Creek at Homebush,14/01/2011 8:45,0.122,0.022,0.144,High flow,,Normal,55,
126001A,Sandy Creek at Homebush,19/01/2011 8:50,0.302,0.014,0.316,High flow,,Normal,51,
126001A,Sandy Creek at Homebush,19/01/2011 14:45,0.219,0.024,0.243,High flow,,Normal,51,
126001A,Sandy Creek at Homebush,20/01/2011 10:30,0.245,0.057,0.302,High flow,,Normal,50,
126001A,Sandy Creek at Homebush,31/01/2011 10:00,0.228,0.251,0.479,High flow,,Normal,44,
126001A,Sandy Creek at Homebush,1/02/2011 9:20,0.065,0.044,0.109,High flow,,Normal,43,
126001A,Sandy Creek at Homebush,2/02/2011 9:30,0.094,0.034,0.128,High flow,,Normal,42,
126001A,Sandy Creek at Homebush,3/02/2011 10:10,0.072,0.029,0.101,High flow,,Normal,41,
126001A,Sandy Creek at Homebush,4/02/2011 9:05,0.086,0.019,0.105,High flow,,Normal,40,
126001A,Sandy Creek at Homebush,4/02/2011 14:40,0.096,0.019,0.115,High flow,,Normal,40,
126001A,Sandy Creek at Homebush,7/02/2011 8:50,0.039,0.01,0.049,High flow,,Normal,37,
126001A,Sandy Creek at Homebush,7/02/2011 14:40,0.105,0.015,0.12,High flow,,Normal,37,
126001A,Sandy Creek at Homebush,8/02/2011 9:00,0.163,0.019,0.182,High flow,,Normal,37,
126001A,Sandy Creek at Homebush,8/02/2011 15:15,0.175,0.018,0.193,High flow,,Normal,37,
126001A,Sandy Creek at Homebush,9/02/2011 9:00,0.196,0.014,0.21,High flow,,Normal,36,
126001A,Sandy Creek at Homebush,11/02/2011 9:30,0.115,0.013,0.128,High flow,,Normal,34,
126001A,Sandy Creek at Homebush,11/02/2011 14:50,0.066,0.014,0.08,High flow,,Normal,34,
126001A,Sandy Creek at Homebush,14/02/2011 9:00,0.109,0.017,0.126,High flow,,Normal,31,
126001A,Sandy Creek at Homebush,14/02/2011 14:40,0.126,0.017,0.143,High flow,,Normal,31,
126001A,Sandy Creek at Homebush,16/02/2011 9:00,0.07,0.014,0.084,High flow,,Normal,29,
126001A,Sandy Creek at Homebush,16/02/2011 14:20,0.07,0.015,0.085,High flow,,Normal,29,
126001A,Sandy Creek at Homebush,17/02/2011 15:00,0.155,0.022,0.177,High flow,,Normal,28,
126001A,Sandy Creek at Homebush,18/02/2011 9:15,0.156,0.012,0.168,High flow,,Normal,27,
126001A,Sandy Creek at Homebush,23/02/2011 9:05,0.22,0.015,0.235,High flow,,Normal,22,
126001A,Sandy Creek at Homebush,23/02/2011 14:45,0.115,0.012,0.127,High flow,,Normal,22,
126001A,Sandy Creek at Homebush,24/02/2011 10:15,0.154,0.015,0.169,High flow,,Normal,21,
126001A,Sandy Creek at Homebush,25/02/2011 9:15,0.263,0.017,0.28,High flow,,Normal,20,
126001A,Sandy Creek at Homebush,28/02/2011 8:50,0.561,0.022,0.583,Low flow,,Normal,17,
126001A,Sandy Creek at Homebush,1/03/2011 13:30,0.246,0.019,0.265,High flow,,Normal,16,
126001A,Sandy Creek at Homebush,2/03/2011 9:00,0.131,0.017,0.148,High flow,,Normal,15,
126001A,Sandy Creek at Homebush,2/03/2011 14:15,0.165,0.019,0.184,High flow,,Normal,15,
126001A,Sandy Creek at Homebush,7/03/2011 8:50,0.219,0.017,0.236,High flow,,Normal,10,
126001A,Sandy Creek at Homebush,7/03/2011 14:45,0.166,0.021,0.187,High flow,,Normal,14,
126001A,Sandy Creek at Homebush,8/03/2011 8:50,0.146,0.022,0.168,High flow,,Normal,13,
126001A,Sandy Creek at Homebush,8/03/2011 14:40,0.163,0.026,0.189,High flow,,Normal,13,
126001A,Sandy Creek at Homebush,14/03/2011 8:40,0.047,0.018,0.065,High flow,,Normal,7,
126001A,Sandy Creek at Homebush,14/03/2011 14:30,0.012,0.011,0.023,High flow,,Normal,7,
126001A,Sandy Creek at Homebush,15/03/2011 8:25,0.037,0.014,0.051,High flow,,Normal,6,
126001A,Sandy Creek at Homebush,15/03/2011 15:10,0.038,0.013,0.051,High flow,,Normal,27,
126001A,Sandy Creek at Homebush,16/03/2011 8:45,0.045,0.019,0.064,High flow,,Normal,26,
126001A,Sandy Creek at Homebush,16/03/2011 14:10,0.058,0.018,0.076,High flow,,Normal,26,
126001A,Sandy Creek at Homebush,17/03/2011 9:30,0.095,0.023,0.118,High flow,,Normal,21,
126001A,Sandy Creek at Homebush,18/03/2011 10:30,0.148,0.028,0.176,Low flow,,Normal,24,
126001A,Sandy Creek at Homebush,25/03/2011 11:00,0.048,0.014,0.062,High flow,,Normal,24,
126001A,Sandy Creek at Homebush,29/03/2011 9:00,0.041,0.007,0.048,High flow,,Normal,20,
126001A,Sandy Creek at Homebush,30/03/2011 9:00,0.05,0.013,0.063,High flow,,Normal,19,
126001A,Sandy Creek at Homebush,31/03/2011 9:10,0.032,0.01,0.042,High flow,,Normal,18,
126001A,Sandy Creek at Homebush,1/04/2011 9:10,0.041,0.012,0.053,High flow,,Normal,17,
126001A,Sandy Creek at Homebush,4/04/2011 9:45,0.112,0.018,0.13,High flow,,Normal,14,
126001A,Sandy Creek at Homebush,5/04/2011 9:15,0.195,0.012,0.207,High flow,,Normal,24,
126001A,Sandy Creek at Homebush,25/05/2011 9:15,1.04,0.026,1.066,Low flow,,Normal,12,
126001A,Sandy Creek at Homebush,29/06/2011 10:45,1.71,0.025,1.735,Low flow,,Normal,8,
126001A,Sandy Creek at Homebush,29/09/2011 8:50,1.08,0.014,1.094,Low flow,MA,Normal,19,0
126001A,Sandy Creek at Homebush,1/11/2011 9:10,0.446,0.03,0.476,Low flow,MA,Normal,,0
126001A,Sandy Creek at Homebush,2/12/2011 11:30,0.513,0.045,0.558,Low flow,MA,Normal,13,0
126001A,Sandy Creek at Homebush,7/12/2011 9:30,1.26,0.107,1.367,High flow,MA,Normal,15,0
126001A,Sandy Creek at Homebush,3/01/2012 9:15,0.766,0.044,0.81,High flow,MA,Normal,14,0
126001A,Sandy Creek at Homebush,16/01/2012 9:30,0.646,0.029,0.675,High flow,MA,Normal,,0
126001A,Sandy Creek at Homebush,17/01/2012 9:00,0.285,0.025,0.31,High flow,MA,Normal,22,0
126001A,Sandy Creek at Homebush,30/01/2012 10:00,0.17,0.015,0.185,High flow,MA,Normal,9,0
126001A,Sandy Creek at Homebush,31/01/2012 9:30,0.146,0.02,0.166,High flow,MA,Normal,22,0
126001A,Sandy Creek at Homebush,2/02/2012 8:15,0.096,0.02,0.116,High flow,MA,Normal,20,0
126001A,Sandy Creek at Homebush,2/02/2012 14:00,0.125,0.016,0.141,High flow,MA,Normal,20,0
126001A,Sandy Creek at Homebush,3/02/2012 9:45,0.093,0.014,0.107,High flow,MA,Normal,19,0
126001A,Sandy Creek at Homebush,3/02/2012 15:20,0.101,0.013,0.114,High flow,MA,Normal,19,0
126001A,Sandy Creek at Homebush,6/02/2012 8:30,0.105,0.027,0.132,High flow,MA,Normal,16,1
126001A,Sandy Creek at Homebush,24/02/2012 11:50,0.316,0.01,0.326,High flow,MA,Normal,20,0
126001A,Sandy Creek at Homebush,27/02/2012 10:40,0.04,0.012,0.052,High flow,MA,Normal,35,0
126001A,Sandy Creek at Homebush,28/02/2012 9:40,0.042,0.014,0.056,High flow,MA,Normal,34,0
126001A,Sandy Creek at Homebush,2/03/2012 9:30,0.192,0.025,0.217,High flow,MA,Normal,33,0
126001A,Sandy Creek at Homebush,16/03/2012 8:40,0.062,0.01,0.072,High flow,MA,Normal,27,0
126001A,Sandy Creek at Homebush,16/03/2012 8:40,0.062,0.01,0.072,High flow,MA,Normal,27,0
126001A,Sandy Creek at Homebush,19/03/2012 8:15,0.018,0.006,0.024,High flow,MA,Normal,38,0
126001A,Sandy Creek at Homebush,20/03/2012 10:00,0.032,0.007,0.039,High flow,MA,Normal,37,0
126001A,Sandy Creek at Homebush,21/03/2012 9:30,0.018,0.007,0.025,High flow,MA,Normal,42,0
126001A,Sandy Creek at Homebush,22/03/2012 8:30,0.027,0.009,0.036,High flow,MA,Normal,35,0
126001A,Sandy Creek at Homebush,23/03/2012 8:45,0.077,0.013,0.09,Low flow,MA,Normal,35,0
126001A,Sandy Creek at Homebush,8/05/2012 9:15,1.41,0.018,1.428,Low flow,MA,Normal,24,0
126001A,Sandy Creek at Homebush,5/06/2012 8:45,0.352,0.026,0.378,High flow,MA,Normal,14,0
126001A,Sandy Creek at Homebush,11/07/2012 13:30,0.137,0.007,0.144,High flow,MA,Normal,23,0
126001A,Sandy Creek at Homebush,13/07/2012 9:30,0.222,0.011,0.233,High flow,MA,Normal,21,0
126001A,Sandy Creek at Homebush,16/07/2012 9:20,0.104,0.011,0.115,High flow,MA,Normal,24,0
126001A,Sandy Creek at Homebush,18/07/2012 7:45,0.154,0.022,0.176,High flow,MA,Normal,22,0
126001A,Sandy Creek at Homebush,3/08/2012 9:45,0.925,0.015,0.94,Low flow,MA,Normal,20,0
126001A,Sandy Creek at Homebush,31/08/2012 9:25,0.986,0.014,1,Low flow,MA,Normal,,0
126001A,Sandy Creek at Homebush,10/10/2012 9:05,0.952,0.009,0.961,Low flow,MA,Normal,21,0
126001A,Sandy Creek at Homebush,6/11/2012 10:00,0.518,0.016,0.534,Low flow,MA,Normal,16,0
126001A,Sandy Creek at Homebush,10/12/2012 8:45,0.002,0.006,0.008,Low flow,MA,Normal,25,0
126001A,Sandy Creek at Homebush,7/01/2013 9:10,0.744,0.109,0.853,Low flow,MA,Normal,,0
126001A,Sandy Creek at Homebush,25/01/2013 11:25,0.557,0.017,0.574,High flow,MA,Normal,21,0
126001A,Sandy Creek at Homebush,5/02/2013 9:00,0.263,0.027,0.29,High flow,MA,Normal,10,0
126001A,Sandy Creek at Homebush,18/02/2013 8:20,0.192,0.017,0.209,High flow,MA,Normal,71,0
126001A,Sandy Creek at Homebush,19/02/2013 8:10,0.077,0.019,0.096,High flow,MA,Normal,70,0
126001A,Sandy Creek at Homebush,21/02/2013 12:30,0.057,0.02,0.077,High flow,MA,Normal,68,0
126001A,Sandy Creek at Homebush,27/02/2013 10:00,0.056,0.015,0.071,High flow,MA,Normal,70,0
126001A,Sandy Creek at Homebush,1/03/2013 10:00,0.034,0.015,0.049,High flow,MA,Normal,68,0
126001A,Sandy Creek at Homebush,4/03/2013 10:15,0.029,0.012,0.041,High flow,MA,Normal,65,0
126001A,Sandy Creek at Homebush,5/03/2013 8:00,0.024,0.01,0.034,High flow,MA,Normal,64,0
126001A,Sandy Creek at Homebush,6/03/2013 10:10,0.037,0.014,0.051,High flow,MA,Normal,71,0
126001A,Sandy Creek at Homebush,8/03/2013 9:45,0.111,0.021,0.132,High flow,MA,Normal,69,0
126001A,Sandy Creek at Homebush,27/03/2013 9:15,0.79,0.022,0.812,High flow,MA,Normal,65,0
126001A,Sandy Creek at Homebush,12/04/2013 8:10,0.044,0.013,0.057,High flow,MA,Normal,49,0
126001A,Sandy Creek at Homebush,15/04/2013 9:25,0.209,0.019,0.228,High flow,MA,Normal,46,0
126001A,Sandy Creek at Homebush,7/05/2013 8:00,1.03,0.013,1.043,Low flow,MA,Normal,30,0
126001A,Sandy Creek at Homebush,3/06/2013 10:15,0.913,0.024,0.937,Low flow,MA,Normal,14,0
126001A,Sandy Creek at Homebush,8/08/2013 17:00,1.14,0.004,1.144,Low flow,MA,Normal,13,0
126001A,Sandy Creek at Homebush,16/09/2013 9:30,0.78,0.009,0.789,Low flow,MA,Normal,,0
126001A,Sandy Creek at Homebush,17/11/2013 1:08,0.531,0.072,0.603,High flow,AS,Normal,26,1
126001A,Sandy Creek at Homebush,18/11/2013 4:18,1.54,0.092,1.632,High flow,AS,Normal,25,0
126001A,Sandy Creek at Homebush,18/11/2013 8:35,3.61,0.134,3.744,High flow,AS,Normal,25,0
126001A,Sandy Creek at Homebush,27/11/2013 17:15,0.888,0.149,1.037,Low flow,MA,Normal,49,0
126001A,Sandy Creek at Homebush,8/01/2014 9:30,0.131,0.088,0.219,Low flow,AS,Normal,,
126001A,Sandy Creek at Homebush,10/01/2014 14:45,1.66,0.118,1.778,High flow,AS,Normal,,
126001A,Sandy Creek at Homebush,10/01/2014 17:05,0.154,0.154,0.308,High flow,AS,Normal,,
126001A,Sandy Creek at Homebush,10/01/2014 23:15,4.44,0.161,4.601,High flow,AS,Normal,,
126001A,Sandy Creek at Homebush,11/01/2014 13:49,3.75,0.091,3.841,High flow,AS,Normal,,
126001A,Sandy Creek at Homebush,12/01/2014 10:41,1.78,0.062,1.842,High flow,AS,Normal,,
126001A,Sandy Creek at Homebush,31/01/2014 2:42,0.832,0.023,0.855,High flow,AS,Normal,19,
126001A,Sandy Creek at Homebush,31/01/2014 7:24,0.75,0.015,0.765,High flow,AS,Normal,19,
126001A,Sandy Creek at Homebush,31/01/2014 11:22,0.777,0.018,0.795,High flow,AS,Normal,19,
126001A,Sandy Creek at Homebush,31/01/2014 18:14,1.03,0.018,1.048,High flow,AS,Normal,19,
126001A,Sandy Creek at Homebush,9/02/2014 17:32,0.199,0.063,0.262,High flow,AS,Normal,17,
126001A,Sandy Creek at Homebush,9/02/2014 22:49,0.303,0.048,0.351,High flow,AS,Normal,17,
126001A,Sandy Creek at Homebush,10/02/2014 10:58,0.159,0.039,0.198,High flow,AS,Normal,16,
126001A,Sandy Creek at Homebush,10/02/2014 19:50,0.106,0.041,0.147,High flow,AS,Normal,16,
126001A,Sandy Creek at Homebush,19/02/2014 13:42,0.215,0.038,0.253,High flow,AS,Normal,29,
126001A,Sandy Creek at Homebush,20/02/2014 1:52,0.165,0.03,0.195,High flow,AS,Normal,28,
126001A,Sandy Creek at Homebush,20/02/2014 13:07,0.091,0.022,0.113,High flow,AS,Normal,28,
126001A,Sandy Creek at Homebush,21/02/2014 1:16,0.094,0.023,0.117,High flow,AS,Normal,27,
126001A,Sandy Creek at Homebush,21/02/2014 22:51,0.055,0.024,0.079,High flow,AS,Normal,27,
126001A,Sandy Creek at Homebush,23/02/2014 9:03,0.093,0.026,0.119,High flow,AS,Normal,25,
126001A,Sandy Creek at Homebush,26/03/2014 10:24,0.133,0.04,0.173,High flow,AS,Normal,,5
126001A,Sandy Creek at Homebush,26/03/2014 11:49,0.171,0.037,0.208,High flow,AS,Normal,,5
126001A,Sandy Creek at Homebush,26/03/2014 20:30,0.121,0.026,0.147,High flow,AS,Normal,,5
126001A,Sandy Creek at Homebush,27/03/2014 5:13,0.098,0.025,0.123,High flow,AS,Normal,0,4
126001A,Sandy Creek at Homebush,27/03/2014 11:53,0.116,0.063,0.179,High flow,AS,Normal,0,4
126001A,Sandy Creek at Homebush,28/03/2014 4:37,0.053,0.017,0.07,High flow,AS,Normal,,3
126001A,Sandy Creek at Homebush,28/03/2014 13:15,0.063,0.023,0.086,High flow,AS,Normal,,3
126001A,Sandy Creek at Homebush,28/03/2014 17:03,0.073,0.016,0.089,High flow,AS,Normal,,3
126001A,Sandy Creek at Homebush,28/03/2014 18:37,0.052,0.02,0.072,High flow,AS,Normal,,3
126001A,Sandy Creek at Homebush,31/03/2014 11:15,0.189,0.032,0.221,High flow,MA,Normal,,0
126001A,Sandy Creek at Homebush,14/04/2014 10:23,0.088,0.068,0.156,High flow,AS,Normal,24,
126001A,Sandy Creek at Homebush,14/04/2014 22:32,0.051,0.051,0.102,High flow,AS,Normal,24,
126001A,Sandy Creek at Homebush,15/04/2014 22:08,0.07,0.039,0.109,High flow,AS,Normal,23,
126001A,Sandy Creek at Homebush,13/05/2014 15:15,0.914,0.011,0.925,Low flow,AS,Normal,,
126001A,Sandy Creek at Homebush,13/06/2014 12:30,0.757,0.022,0.779,Low flow,MA,Normal,,0
126001A,Sandy Creek at Homebush,22/07/2014 14:30,1.47,0.017,1.487,Low flow,MA,Normal,45,0
126001A,Sandy Creek at Homebush,26/08/2014 10:00,1.22,0.067,1.287,Low flow,MA,Normal,15,0
126001A,Sandy Creek at Homebush,29/09/2014 12:20,1.09,0.175,1.265,Low flow,MA,Normal,23,0
126001A,Sandy Creek at Homebush,28/10/2014 14:30,0.434,0.037,0.471,First Flush,MA,Normal,24,0
126001A,Sandy Creek at Homebush,25/11/2014 15:00,0.14,0.016,0.156,Low flow,AS,Normal,17,
126001A,Sandy Creek at Homebush,16/12/2014 15:15,0.577,0.056,0.633,High flow,MA,Normal,30,0
126001A,Sandy Creek at Homebush,6/01/2015 9:33,1.95,0.058,2.008,Low flow,AS,Normal,27,
126001A,Sandy Creek at Homebush,6/01/2015 12:31,1.94,0.044,1.984,High flow,AS,Normal,27,
126001A,Sandy Creek at Homebush,6/01/2015 13:53,1.98,0.048,2.028,High flow,AS,Normal,27,
126001A,Sandy Creek at Homebush,6/01/2015 17:53,0.694,0.038,0.732,High flow,AS,Normal,27,
126001A,Sandy Creek at Homebush,7/01/2015 2:59,2.11,0.057,2.167,High flow,AS,Normal,26,
126001A,Sandy Creek at Homebush,7/01/2015 10:53,2.43,0.053,2.483,High flow,AS,Normal,26,
126001A,Sandy Creek at Homebush,18/01/2015 1:35,0.362,0.035,0.397,High flow,AS,Normal,,
126001A,Sandy Creek at Homebush,18/01/2015 3:57,0.333,0.04,0.373,High flow,AS,Normal,,
126001A,Sandy Creek at Homebush,18/01/2015 13:03,0.294,0.042,0.336,High flow,AS,Normal,,
126001A,Sandy Creek at Homebush,18/01/2015 22:09,0.481,0.033,0.514,High flow,AS,Normal,,
126001A,Sandy Creek at Homebush,19/01/2015 7:15,0.452,0.039,0.491,High flow,AS,Normal,,
126001A,Sandy Creek at Homebush,19/01/2015 16:21,0.411,0.028,0.439,Low flow,AS,Normal,,
126001A,Sandy Creek at Homebush,19/01/2015 22:45,0.386,0.029,0.415,High flow,AS,Normal,,
126001A,Sandy Creek at Homebush,20/01/2015 7:51,0.276,0.022,0.298,High flow,AS,Normal,,
126001A,Sandy Creek at Homebush,21/01/2015 16:23,0.248,0.038,0.286,High flow,AS,Normal,91,
126001A,Sandy Creek at Homebush,21/01/2015 19:43,0.238,0.033,0.271,High flow,AS,Normal,91,
126001A,Sandy Creek at Homebush,21/01/2015 21:43,0.435,0.037,0.472,High flow,AS,Normal,91,
126001A,Sandy Creek at Homebush,22/01/2015 2:27,0.359,0.04,0.399,High flow,AS,Normal,90,
126001A,Sandy Creek at Homebush,22/01/2015 10:05,0.355,0.035,0.39,High flow,AS,Normal,90,
126001A,Sandy Creek at Homebush,22/01/2015 11:59,0.394,0.038,0.432,High flow,AS,Normal,90,
126001A,Sandy Creek at Homebush,22/01/2015 19:45,0.499,0.032,0.531,High flow,AS,Normal,90,
126001A,Sandy Creek at Homebush,23/01/2015 2:53,0.636,0.032,0.668,High flow,AS,Normal,89,
126001A,Sandy Creek at Homebush,23/01/2015 10:45,0.694,0.043,0.737,High flow,AS,Normal,89,
126001A,Sandy Creek at Homebush,24/01/2015 3:11,0.417,0.044,0.461,High flow,AS,Normal,88,
126001A,Sandy Creek at Homebush,25/01/2015 9:07,0.104,0.027,0.131,Low flow,AS,Normal,87,
126001A,Sandy Creek at Homebush,27/01/2015 7:25,0.187,0.031,0.218,High flow,AS,Normal,85,
126001A,Sandy Creek at Homebush,20/02/2015 12:10,0.406,0.028,0.434,Low flow,AS,Normal,61,
126001A,Sandy Creek at Homebush,17/04/2015 11:30,0.71,0.039,0.749,Low flow,MA,Normal,38,0
126001A,Sandy Creek at Homebush,15/05/2015 10:20,0.417,0.023,0.44,Low flow,AS,Normal,34,
126001A,Sandy Creek at Homebush,15/06/2015 9:40,0.794,0.005,0.799,Low flow,MA,Normal,22,0
126001A,Sandy Creek at Homebush,5/08/2015 10:30,0.132,0.012,0.144,Low flow,MA,Normal,19,0
126001A,Sandy Creek at Homebush,15/09/2015 9:00,0.307,0.016,0.323,Low flow,AS,Normal,10,
126001A,Sandy Creek at Homebush,3/11/2015 3:13,0.052,0.048,0.1,First Flush,AS,Suboptimal,37,
126001A,Sandy Creek at Homebush,3/11/2015 7:21,0.246,0.035,0.281,First Flush,AS,Suboptimal,37,
126001A,Sandy Creek at Homebush,3/11/2015 11:29,0.079,0.024,0.103,First Flush,AS,Suboptimal,37,
126001A,Sandy Creek at Homebush,3/11/2015 15:37,0.068,0.013,0.081,First Flush,AS,Suboptimal,37,
126001A,Sandy Creek at Homebush,3/11/2015 19:45,0.045,0.011,0.056,First Flush,AS,Suboptimal,37,
126001A,Sandy Creek at Homebush,3/11/2015 23:53,0.065,0.014,0.079,First Flush,AS,Suboptimal,37,
126001A,Sandy Creek at Homebush,4/11/2015 4:01,0.066,0.012,0.078,First Flush,AS,Suboptimal,36,
126001A,Sandy Creek at Homebush,4/11/2015 8:09,0.086,0.016,0.102,First Flush,AS,Suboptimal,36,
126001A,Sandy Creek at Homebush,4/11/2015 12:17,0.074,0.008,0.082,First Flush,AS,Suboptimal,36,
126001A,Sandy Creek at Homebush,4/11/2015 16:25,0.101,0.015,0.116,First Flush,AS,Suboptimal,36,
126001A,Sandy Creek at Homebush,4/11/2015 20:33,0.084,0.012,0.096,First Flush,AS,Suboptimal,36,
126001A,Sandy Creek at Homebush,5/11/2015 0:41,0.1,0.024,0.124,First Flush,AS,Normal,35,
126001A,Sandy Creek at Homebush,17/11/2015 12:23,0.401,0.082,0.483,High flow,AS,Normal,23,
126001A,Sandy Creek at Homebush,17/11/2015 16:31,0.087,0.051,0.138,High flow,AS,Normal,23,
126001A,Sandy Creek at Homebush,17/11/2015 20:39,0.228,0.048,0.276,High flow,AS,Normal,23,
126001A,Sandy Creek at Homebush,18/11/2015 0:47,0.145,0.063,0.208,High flow,AS,Normal,22,
126001A,Sandy Creek at Homebush,18/11/2015 4:55,0.312,0.318,0.63,High flow,AS,Normal,22,
126001A,Sandy Creek at Homebush,18/11/2015 9:03,0.713,0.642,1.355,High flow,AS,Normal,22,
126001A,Sandy Creek at Homebush,18/11/2015 13:11,0.914,0.682,1.596,High flow,AS,Normal,22,
126001A,Sandy Creek at Homebush,18/11/2015 17:19,0.992,0.553,1.545,High flow,AS,Normal,22,
126001A,Sandy Creek at Homebush,18/11/2015 21:27,1.14,0.448,1.588,High flow,AS,Normal,22,
126001A,Sandy Creek at Homebush,19/11/2015 1:35,1.33,0.37,1.7,High flow,AS,Normal,21,
126001A,Sandy Creek at Homebush,19/11/2015 5:43,1.46,0.304,1.764,High flow,AS,Normal,21,
126001A,Sandy Creek at Homebush,19/11/2015 9:51,1.75,0.282,2.032,High flow,AS,Normal,21,
126001A,Sandy Creek at Homebush,8/12/2015 2:31,0.282,0.053,0.335,High flow,AS,Normal,45,
126001A,Sandy Creek at Homebush,8/12/2015 6:39,0.252,0.046,0.298,High flow,AS,Normal,45,
126001A,Sandy Creek at Homebush,8/12/2015 14:55,0.047,0.022,0.069,High flow,AS,Normal,45,
126001A,Sandy Creek at Homebush,9/12/2015 3:19,0.057,0.02,0.077,High flow,AS,Normal,44,
126001A,Sandy Creek at Homebush,9/12/2015 15:43,0.106,0.016,0.122,Low flow,AS,Normal,44,
126001A,Sandy Creek at Homebush,15/12/2015 10:00,0.007,0.006,0.013,Low flow,AS,Normal,38,
126001A,Sandy Creek at Homebush,4/01/2016 14:59,0.074,0.037,0.111,Low flow,AS,Suboptimal,28,
126001A,Sandy Creek at Homebush,4/01/2016 15:49,0.286,0.061,0.347,High flow,AS,Suboptimal,28,
126001A,Sandy Creek at Homebush,4/01/2016 16:01,0.896,0.257,1.153,High flow,AS,Suboptimal,28,
126001A,Sandy Creek at Homebush,4/01/2016 16:15,0.855,0.232,1.087,High flow,AS,Suboptimal,28,
126001A,Sandy Creek at Homebush,4/01/2016 19:57,1.67,0.14,1.81,High flow,AS,Suboptimal,28,
126001A,Sandy Creek at Homebush,4/01/2016 22:37,2.19,0.195,2.385,High flow,AS,Suboptimal,28,
126001A,Sandy Creek at Homebush,5/01/2016 2:45,3.22,0.177,3.397,High flow,AS,Normal,27,
126001A,Sandy Creek at Homebush,5/01/2016 6:53,3.89,0.168,4.058,High flow,AS,Normal,27,
126001A,Sandy Creek at Homebush,5/01/2016 11:01,4.53,0.129,4.659,High flow,AS,Normal,27,
126001A,Sandy Creek at Homebush,5/01/2016 17:09,3.57,0.128,3.698,High flow,AS,Normal,27,
126001A,Sandy Creek at Homebush,5/01/2016 21:17,2.9,0.166,3.066,High flow,AS,Normal,27,
126001A,Sandy Creek at Homebush,6/01/2016 1:25,2.6,0.183,2.783,High flow,AS,Normal,26,
126001A,Sandy Creek at Homebush,6/01/2016 5:33,2.39,0.178,2.568,High flow,AS,Normal,26,
126001A,Sandy Creek at Homebush,6/01/2016 9:41,2.33,0.151,2.481,High flow,AS,Normal,26,
126001A,Sandy Creek at Homebush,6/01/2016 13:49,2.34,0.143,2.483,High flow,AS,Normal,26,
126001A,Sandy Creek at Homebush,6/01/2016 17:57,2.42,0.148,2.568,High flow,AS,Normal,26,
126001A,Sandy Creek at Homebush,6/01/2016 22:05,2.43,0.152,2.582,Low flow,AS,Normal,26,
126001A,Sandy Creek at Homebush,7/01/2016 2:13,2.48,0.158,2.638,Low flow,AS,Normal,25,
126001A,Sandy Creek at Homebush,7/01/2016 6:21,2.38,0.162,2.542,Low flow,AS,Normal,25,
126001A,Sandy Creek at Homebush,7/01/2016 10:00,2.34,0.192,2.532,Low flow,AS,Normal,25,
126001A,Sandy Creek at Homebush,9/01/2016 13:24,0.859,0.079,0.938,High flow,AS,Suboptimal,23,
126001A,Sandy Creek at Homebush,9/01/2016 16:42,0.908,0.049,0.957,High flow,AS,Suboptimal,23,
126001A,Sandy Creek at Homebush,9/01/2016 20:28,0.687,0.054,0.741,High flow,AS,Suboptimal,23,
126001A,Sandy Creek at Homebush,10/01/2016 0:36,0.704,0.07,0.774,High flow,AS,Suboptimal,22,
126001A,Sandy Creek at Homebush,10/01/2016 4:44,2.03,0.204,2.234,High flow,AS,Suboptimal,22,
126001A,Sandy Creek at Homebush,10/01/2016 8:52,2.2,0.117,2.317,High flow,AS,Suboptimal,22,
126001A,Sandy Creek at Homebush,10/01/2016 13:00,2.79,0.157,2.947,High flow,AS,Suboptimal,22,
126001A,Sandy Creek at Homebush,10/01/2016 17:08,2.51,0.134,2.644,High flow,AS,Suboptimal,22,
126001A,Sandy Creek at Homebush,10/01/2016 21:16,2.99,0.17,3.16,High flow,AS,Suboptimal,22,
126001A,Sandy Creek at Homebush,11/01/2016 1:24,1.74,0.092,1.832,High flow,AS,Suboptimal,21,
126001A,Sandy Creek at Homebush,11/01/2016 5:32,1.49,0.086,1.576,High flow,AS,Suboptimal,21,
126001A,Sandy Creek at Homebush,17/01/2016 21:59,0.416,0.055,0.471,High flow,AS,Normal,15,
126001A,Sandy Creek at Homebush,18/01/2016 2:06,0.289,0.072,0.361,High flow,AS,Normal,14,
126001A,Sandy Creek at Homebush,18/01/2016 5:59,0.677,0.066,0.743,High flow,AS,Normal,14,
126001A,Sandy Creek at Homebush,19/01/2016 6:47,0.647,0.042,0.689,High flow,AS,Normal,13,
126001A,Sandy Creek at Homebush,19/01/2016 10:55,0.49,0.04,0.53,High flow,AS,Normal,13,
126001A,Sandy Creek at Homebush,22/01/2016 11:55,0.302,0.031,0.333,Low flow,MA,Normal,40,0
126001A,Sandy Creek at Homebush,26/01/2016 17:43,0.255,0.031,0.286,High flow,AS,Normal,36,
126001A,Sandy Creek at Homebush,26/01/2016 21:51,0.143,0.068,0.211,High flow,AS,Normal,36,
126001A,Sandy Creek at Homebush,27/01/2016 1:59,0.087,0.032,0.119,High flow,AS,Normal,35,
126001A,Sandy Creek at Homebush,27/01/2016 6:07,0.106,0.038,0.144,High flow,AS,Normal,35,
126001A,Sandy Creek at Homebush,27/01/2016 10:15,0.136,0.048,0.184,High flow,AS,Normal,35,
126001A,Sandy Creek at Homebush,5/02/2016 18:25,0.181,0.024,0.205,High flow,contaminated,Normal,48,
126001A,Sandy Creek at Homebush,5/02/2016 18:39,0.17,0.026,0.196,High flow,contaminated,Normal,48,
126001A,Sandy Creek at Homebush,5/02/2016 18:47,0.185,0.032,0.217,High flow,contaminated,Normal,48,
126001A,Sandy Creek at Homebush,5/02/2016 22:08,0.409,0.044,0.453,High flow,contaminated,Normal,48,
126001A,Sandy Creek at Homebush,6/02/2016 0:31,1.03,0.054,1.084,High flow,AS,Normal,47,
126001A,Sandy Creek at Homebush,6/02/2016 4:25,1.61,0.037,1.647,High flow,AS,Normal,47,
126001A,Sandy Creek at Homebush,6/02/2016 8:13,1.32,0.026,1.346,High flow,AS,Normal,47,
126001A,Sandy Creek at Homebush,6/02/2016 14:05,0.925,0.022,0.947,High flow,AS,Normal,47,
126001A,Sandy Creek at Homebush,6/02/2016 18:35,0.657,0.022,0.679,High flow,AS,Normal,60,
126001A,Sandy Creek at Homebush,7/02/2016 0:43,0.524,0.023,0.547,High flow,AS,Normal,59,
126001A,Sandy Creek at Homebush,7/02/2016 6:51,0.59,0.022,0.612,High flow,AS,Normal,59,
126001A,Sandy Creek at Homebush,7/02/2016 17:41,0.688,0.023,0.711,High flow,AS,Normal,59,
126001A,Sandy Creek at Homebush,7/02/2016 23:49,0.596,0.023,0.619,High flow,AS,Normal,59,
126001A,Sandy Creek at Homebush,8/02/2016 5:57,0.534,0.022,0.556,High flow,AS,Normal,58,
126001A,Sandy Creek at Homebush,8/02/2016 19:09,0.35,0.026,0.376,High flow,AS,Normal,60,
126001A,Sandy Creek at Homebush,9/02/2016 1:17,0.29,0.028,0.318,High flow,AS,Normal,59,
126001A,Sandy Creek at Homebush,9/02/2016 7:25,0.268,0.027,0.295,High flow,AS,Normal,59,
126001A,Sandy Creek at Homebush,9/02/2016 13:33,0.239,0.029,0.268,High flow,AS,Normal,59,
126001A,Sandy Creek at Homebush,9/02/2016 19:41,0.248,0.029,0.277,High flow,AS,Normal,59,
126001A,Sandy Creek at Homebush,10/02/2016 1:49,0.262,0.03,0.292,High flow,AS,Normal,58,
126001A,Sandy Creek at Homebush,10/02/2016 7:57,0.266,0.029,0.295,High flow,AS,Normal,58,
126001A,Sandy Creek at Homebush,12/02/2016 11:00,0.246,0.026,0.272,High flow,MA,Normal,56,0
126001A,Sandy Creek at Homebush,24/02/2016 11:30,0.198,0.016,0.214,Low flow,MA,Normal,,0
126001A,Sandy Creek at Homebush,2/03/2016 22:23,0.1,0.022,0.122,High flow,AS,Normal,,
126001A,Sandy Creek at Homebush,3/03/2016 3:47,0.186,0.023,0.209,High flow,AS,Normal,,
126001A,Sandy Creek at Homebush,3/03/2016 9:55,0.149,0.024,0.173,High flow,AS,Normal,,
126001A,Sandy Creek at Homebush,3/03/2016 16:03,0.195,0.028,0.223,High flow,AS,Normal,,
126001A,Sandy Creek at Homebush,3/03/2016 18:55,0.205,0.023,0.228,High flow,AS,Normal,,
126001A,Sandy Creek at Homebush,4/03/2016 1:03,0.187,0.032,0.219,High flow,AS,Normal,,
126001A,Sandy Creek at Homebush,4/03/2016 7:11,0.248,0.027,0.275,High flow,AS,Normal,,
126001A,Sandy Creek at Homebush,4/03/2016 20:07,0.111,0.032,0.143,High flow,AS,Normal,,
126001A,Sandy Creek at Homebush,5/03/2016 0:28,0.149,0.027,0.176,High flow,AS,Normal,,
126001A,Sandy Creek at Homebush,5/03/2016 6:33,0.132,0.023,0.155,High flow,AS,Normal,,
126001A,Sandy Creek at Homebush,5/03/2016 8:45,0.175,0.023,0.198,High flow,AS,Normal,,
126001A,Sandy Creek at Homebush,5/03/2016 10:23,0.177,0.022,0.199,High flow,AS,Normal,,
126001A,Sandy Creek at Homebush,5/03/2016 14:33,0.161,0.02,0.181,High flow,AS,Normal,,
126001A,Sandy Creek at Homebush,5/03/2016 20:41,0.119,0.018,0.137,High flow,AS,Normal,,
126001A,Sandy Creek at Homebush,6/03/2016 2:49,0.093,0.017,0.11,High flow,AS,Normal,,
126001A,Sandy Creek at Homebush,6/03/2016 8:57,0.06,0.019,0.079,High flow,AS,Normal,,
126001A,Sandy Creek at Homebush,6/03/2016 15:05,0.058,0.016,0.074,High flow,AS,Normal,,
126001A,Sandy Creek at Homebush,6/03/2016 20:47,0.109,0.017,0.126,High flow,AS,Normal,,
126001A,Sandy Creek at Homebush,7/03/2016 2:55,0.115,0.019,0.134,High flow,AS,Normal,,
126001A,Sandy Creek at Homebush,7/03/2016 9:03,0.09,0.016,0.106,High flow,AS,Normal,,
126001A,Sandy Creek at Homebush,7/03/2016 19:43,0.056,0.017,0.073,High flow,AS,Normal,,
126001A,Sandy Creek at Homebush,8/03/2016 1:51,0.06,0.014,0.074,High flow,AS,Normal,,
126001A,Sandy Creek at Homebush,8/03/2016 7:59,0.064,0.014,0.078,High flow,AS,Normal,,
126001A,Sandy Creek at Homebush,8/03/2016 14:07,0.061,0.013,0.074,High flow,AS,Normal,,
126001A,Sandy Creek at Homebush,8/03/2016 20:16,0.063,0.013,0.076,High flow,AS,Normal,,
126001A,Sandy Creek at Homebush,9/03/2016 2:23,0.07,0.013,0.083,High flow,AS,Normal,,
126001A,Sandy Creek at Homebush,9/03/2016 8:31,0.076,0.014,0.09,High flow,AS,Normal,,
126001A,Sandy Creek at Homebush,9/03/2016 17:00,0.081,0.016,0.097,High flow,AS,Normal,,
126001A,Sandy Creek at Homebush,14/03/2016 15:45,0.244,0.016,0.26,High flow,MA,Normal,,0
126001A,Sandy Creek at Homebush,19/04/2016 9:00,0.653,0.059,0.712,Low flow,MA,Normal,58,0
126001A,Sandy Creek at Homebush,8/06/2016 9:30,0.737,0.012,0.749,Low flow,MA,Normal,28,0
126001A,Sandy Creek at Homebush,16/06/2016 12:30,0.881,0.013,0.894,Low flow,MA,Normal,47,0
126001A,Sandy Creek at Homebush,19/06/2016 16:47,0.717,0.04,0.757,High flow,AS,Normal,44,
126001A,Sandy Creek at Homebush,19/06/2016 22:55,0.517,0.013,0.53,High flow,AS,Normal,44,
126001A,Sandy Creek at Homebush,20/06/2016 5:03,1.02,0.013,1.033,High flow,AS,Normal,43,
126001A,Sandy Creek at Homebush,20/06/2016 11:11,0.934,0.01,0.944,High flow,AS,Normal,43,
126001A,Sandy Creek at Homebush,23/06/2016 16:00,0.56,0.014,0.574,High flow,AS,Normal,67,
126001A,Sandy Creek at Homebush,11/07/2016 15:30,1.05,0.012,1.062,Low flow,MA,Normal,49,0
126001A,Sandy Creek at Homebush,15/07/2016 20:50,0.586,0.007,0.593,High flow,AS,Normal,45,
126001A,Sandy Creek at Homebush,15/07/2016 22:56,0.472,0.018,0.49,High flow,AS,Normal,45,
126001A,Sandy Creek at Homebush,16/07/2016 0:50,0.383,0.011,0.394,High flow,AS,Normal,44,
126001A,Sandy Creek at Homebush,16/07/2016 2:06,0.424,0.01,0.434,High flow,AS,Normal,44,
126001A,Sandy Creek at Homebush,16/07/2016 3:50,0.427,0.011,0.438,High flow,AS,Normal,44,
126001A,Sandy Creek at Homebush,16/07/2016 5:22,0.575,0.01,0.585,High flow,AS,Normal,44,
126001A,Sandy Creek at Homebush,16/07/2016 11:10,0.735,0.013,0.748,High flow,AS,Normal,44,
126001A,Sandy Creek at Homebush,16/07/2016 15:22,0.584,0.016,0.6,High flow,AS,Normal,44,
126001A,Sandy Creek at Homebush,17/07/2016 3:30,0.371,0.013,0.384,High flow,AS,Normal,43,
126001A,Sandy Creek at Homebush,18/07/2016 2:09,0.192,0.016,0.208,High flow,AS,Suboptimal,74,
126001A,Sandy Creek at Homebush,18/07/2016 9:24,0.153,0.014,0.167,High flow,AS,Suboptimal,74,
126001A,Sandy Creek at Homebush,21/07/2016 11:00,0.111,0.019,0.13,High flow,MA,Normal,71,0
126001A,Sandy Creek at Homebush,8/08/2016 11:45,0.6,0.008,0.608,High flow,MA,Normal,53,0
126001A,Sandy Creek at Homebush,17/11/2016 10:45,0.003,0.008,0.011,Low flow,MA,Normal,36,0
126001A,Sandy Creek at Homebush,1/12/2016 9:30,0.004,0.007,0.011,Low flow,MA,Normal,41,0
126001A,Sandy Creek at Homebush,8/12/2016 13:20,0.004,0.009,0.013,Low flow,MA,Normal,34,0
126001A,Sandy Creek at Homebush,12/12/2016 21:15,0.593,0.069,0.662,High flow,AS,Normal,30,
126001A,Sandy Creek at Homebush,13/12/2016 3:23,0.424,0.034,0.458,High flow,AS,Normal,29,
126001A,Sandy Creek at Homebush,13/12/2016 9:31,6.95,0.126,7.076,High flow,AS,Normal,29,
126001A,Sandy Creek at Homebush,14/12/2016 6:14,3.69,0.175,3.865,High flow,AS,Normal,28,
126001A,Sandy Creek at Homebush,14/12/2016 12:22,3.02,0.189,3.209,High flow,AS,Normal,28,
126001A,Sandy Creek at Homebush,14/12/2016 18:30,2.47,0.184,2.654,High flow,AS,Normal,28,
126001A,Sandy Creek at Homebush,15/12/2016 0:38,2.37,0.188,2.558,High flow,AS,Normal,27,
126001A,Sandy Creek at Homebush,15/12/2016 6:46,1.86,0.176,2.036,High flow,AS,Normal,27,
126001A,Sandy Creek at Homebush,15/12/2016 12:54,1.39,0.151,1.541,High flow,AS,Normal,27,
126001A,Sandy Creek at Homebush,15/12/2016 19:02,2.12,0.128,2.248,Low flow,AS,Normal,27,
126001A,Sandy Creek at Homebush,16/12/2016 1:10,1.9,0.124,2.024,Low flow,AS,Normal,26,
126001A,Sandy Creek at Homebush,16/12/2016 7:18,1.41,0.116,1.526,Low flow,AS,Normal,26,
126001A,Sandy Creek at Homebush,16/12/2016 20:41,1.11,0.028,1.138,High flow,AS,Normal,40,
126001A,Sandy Creek at Homebush,19/12/2016 3:37,0.688,0.08,0.768,High flow,AS,Suboptimal,46,
126001A,Sandy Creek at Homebush,19/12/2016 12:45,0.666,0.076,0.742,Low flow,AS,Suboptimal,46,
126001A,Sandy Creek at Homebush,29/12/2016 9:50,0.348,0.044,0.392,Low flow,MA,Normal,36,0
126001A,Sandy Creek at Homebush,3/01/2017 19:29,0.359,0.051,0.41,High flow,AS,Suboptimal,,
126001A,Sandy Creek at Homebush,3/01/2017 20:51,0.377,0.034,0.411,High flow,AS,Suboptimal,,
126001A,Sandy Creek at Homebush,4/01/2017 2:59,0.754,0.052,0.806,High flow,AS,Suboptimal,,
126001A,Sandy Creek at Homebush,4/01/2017 9:07,1.05,0.015,1.065,High flow,AS,Suboptimal,,
126001A,Sandy Creek at Homebush,4/01/2017 15:15,0.875,0.027,0.902,High flow,AS,Suboptimal,,
126001A,Sandy Creek at Homebush,4/01/2017 21:23,1.19,0.024,1.214,High flow,AS,Suboptimal,,
126001A,Sandy Creek at Homebush,5/01/2017 3:31,1.39,0.015,1.405,High flow,AS,Suboptimal,29,
126001A,Sandy Creek at Homebush,5/01/2017 9:39,1.32,0.014,1.334,High flow,AS,Suboptimal,29,
126001A,Sandy Creek at Homebush,5/01/2017 13:20,1.12,0.05,1.17,High flow,AS,Suboptimal,29,
126001A,Sandy Creek at Homebush,5/01/2017 15:47,1.11,0.014,1.124,High flow,AS,Suboptimal,29,
126001A,Sandy Creek at Homebush,5/01/2017 19:01,0.809,0.014,0.823,High flow,AS,Suboptimal,29,
126001A,Sandy Creek at Homebush,5/01/2017 22:07,0.878,0.014,0.892,High flow,AS,Suboptimal,29,
126001A,Sandy Creek at Homebush,6/01/2017 0:01,0.986,0.014,1,High flow,AS,Suboptimal,35,
126001A,Sandy Creek at Homebush,6/01/2017 8:11,0.946,0.025,0.971,High flow,AS,Suboptimal,35,
126001A,Sandy Creek at Homebush,6/01/2017 9:30,0.886,0.042,0.928,High flow,AS,Suboptimal,35,
126001A,Sandy Creek at Homebush,13/01/2017 10:10,0.138,0.058,0.196,Low flow,MA,Normal,,0
126001A,Sandy Creek at Homebush,14/01/2017 21:40,0.154,0.085,0.239,High flow,AS,Normal,,
126001A,Sandy Creek at Homebush,15/01/2017 3:48,0.207,0.055,0.262,High flow,AS,Normal,,
126001A,Sandy Creek at Homebush,15/01/2017 9:56,0.179,0.062,0.241,High flow,AS,Normal,,
126001A,Sandy Creek at Homebush,15/01/2017 19:08,0.138,0.047,0.185,High flow,AS,Normal,,
126001A,Sandy Creek at Homebush,16/01/2017 4:12,0.124,0.04,0.164,Low flow,AS,Normal,,
126001A,Sandy Creek at Homebush,17/01/2017 2:38,0.115,0.032,0.147,High flow,AS,Suboptimal,,
126001A,Sandy Creek at Homebush,17/01/2017 5:30,0.111,0.031,0.142,High flow,AS,Suboptimal,,
126001A,Sandy Creek at Homebush,17/01/2017 14:20,0.462,0.033,0.495,High flow,AS,Suboptimal,,
126001A,Sandy Creek at Homebush,17/01/2017 23:28,0.16,0.025,0.185,High flow,AS,Suboptimal,,
126001A,Sandy Creek at Homebush,18/01/2017 8:36,0.132,0.02,0.152,High flow,AS,Suboptimal,,
126001A,Sandy Creek at Homebush,18/01/2017 17:44,0.134,0.027,0.161,High flow,AS,Suboptimal,,
126001A,Sandy Creek at Homebush,19/01/2017 2:52,0.155,0.03,0.185,High flow,AS,Suboptimal,,
126001A,Sandy Creek at Homebush,19/01/2017 12:00,0.151,0.03,0.181,High flow,AS,Suboptimal,,
126001A,Sandy Creek at Homebush,30/01/2017 14:51,0.492,0.016,0.508,High flow,AS,Normal,,
126001A,Sandy Creek at Homebush,30/01/2017 16:41,0.211,0.054,0.265,High flow,AS,Normal,,
126001A,Sandy Creek at Homebush,30/01/2017 22:59,0.43,0.034,0.464,High flow,AS,Normal,,
126001A,Sandy Creek at Homebush,31/01/2017 3:17,0.218,0.041,0.259,High flow,AS,Normal,,
126001A,Sandy Creek at Homebush,31/01/2017 11:35,0.165,0.044,0.209,High flow,AS,Normal,,
126001A,Sandy Creek at Homebush,31/01/2017 20:45,0.119,0.046,0.165,High flow,AS,Normal,,
126001A,Sandy Creek at Homebush,1/02/2017 5:55,0.128,0.042,0.17,High flow,AS,Normal,,
126001A,Sandy Creek at Homebush,2/02/2017 6:38,0.037,0.016,0.053,High flow,AS,Normal,,
126001A,Sandy Creek at Homebush,2/02/2017 15:48,0.035,0.016,0.051,High flow,AS,Normal,,
126001A,Sandy Creek at Homebush,3/02/2017 0:58,0.042,0.017,0.059,High flow,AS,Normal,,
126001A,Sandy Creek at Homebush,3/02/2017 10:08,0.055,0.018,0.073,High flow,AS,Normal,,
126001A,Sandy Creek at Homebush,10/02/2017 13:30,0.513,0.029,0.542,Low flow,MA,Normal,,0
126001A,Sandy Creek at Homebush,15/02/2017 14:53,0.145,0.054,0.199,High flow,AS,Normal,,
126001A,Sandy Creek at Homebush,15/02/2017 16:51,0.452,0.033,0.485,High flow,AS,Normal,,
126001A,Sandy Creek at Homebush,15/02/2017 17:29,0.439,0.039,0.478,High flow,AS,Normal,,
126001A,Sandy Creek at Homebush,15/02/2017 18:51,0.355,0.021,0.376,High flow,AS,Normal,,
126001A,Sandy Creek at Homebush,15/02/2017 20:41,0.498,0.031,0.529,High flow,AS,Normal,,
126001A,Sandy Creek at Homebush,16/02/2017 1:31,0.34,0.023,0.363,High flow,AS,Normal,,
126001A,Sandy Creek at Homebush,16/02/2017 4:39,0.182,0.025,0.207,High flow,AS,Normal,,
126001A,Sandy Creek at Homebush,16/02/2017 10:49,0.114,0.03,0.144,High flow,AS,Normal,,
126001A,Sandy Creek at Homebush,21/02/2017 12:00,0.323,0.028,0.351,Low flow,MA,Normal,,0
126001A,Sandy Creek at Homebush,2/03/2017 10:00,0.615,0.025,0.64,Low flow,MA,Normal,,0
126001A,Sandy Creek at Homebush,8/03/2017 19:34,0.161,0.01,0.171,High flow,contaminated,Normal,,
126001A,Sandy Creek at Homebush,9/03/2017 4:49,0.214,0.013,0.227,High flow,AS,Normal,,
126001A,Sandy Creek at Homebush,13/03/2017 11:45,0.468,0.038,0.506,Low flow,MA,Normal,,0
126001A,Sandy Creek at Homebush,20/03/2017 14:59,0.181,0.022,0.203,High flow,AS,Normal,32,
126001A,Sandy Creek at Homebush,20/03/2017 16:21,0.21,0.025,0.235,High flow,AS,Normal,32,
126001A,Sandy Creek at Homebush,20/03/2017 17:13,0.222,0.027,0.249,High flow,AS,Normal,32,
126001A,Sandy Creek at Homebush,20/03/2017 20:43,0.32,0.024,0.344,High flow,AS,Normal,32,
126001A,Sandy Creek at Homebush,21/03/2017 3:03,0.387,0.022,0.409,High flow,AS,Normal,31,
126001A,Sandy Creek at Homebush,21/03/2017 7:19,0.345,0.022,0.367,High flow,AS,Normal,31,
126001A,Sandy Creek at Homebush,22/03/2017 7:29,0.15,0.015,0.165,High flow,AS,Normal,30,
126001A,Sandy Creek at Homebush,22/03/2017 22:24,0.115,0.014,0.129,High flow,AS,Normal,30,
126001A,Sandy Creek at Homebush,23/03/2017 5:10,0.132,0.018,0.15,High flow,AS,Normal,29,
126001A,Sandy Creek at Homebush,23/03/2017 9:08,0.159,0.017,0.176,High flow,AS,Normal,29,
126001A,Sandy Creek at Homebush,23/03/2017 15:14,0.117,0.016,0.133,High flow,AS,Normal,29,
126001A,Sandy Creek at Homebush,23/03/2017 18:18,0.108,0.015,0.123,High flow,AS,Normal,29,
126001A,Sandy Creek at Homebush,23/03/2017 21:26,0.088,0.015,0.103,High flow,AS,Normal,29,
126001A,Sandy Creek at Homebush,24/03/2017 0:50,0.091,0.016,0.107,High flow,AS,Normal,28,
126001A,Sandy Creek at Homebush,24/03/2017 8:12,0.074,0.015,0.089,High flow,AS,Normal,28,
126001A,Sandy Creek at Homebush,24/03/2017 10:24,0.044,0.012,0.056,High flow,AS,Normal,28,
126001A,Sandy Creek at Homebush,27/03/2017 16:40,0.089,0.049,0.138,High flow,AS,Normal,25,
126001A,Sandy Creek at Homebush,27/03/2017 19:44,0.136,0.05,0.186,High flow,AS,Normal,25,
126001A,Sandy Creek at Homebush,28/03/2017 0:58,0.02,0.027,0.047,High flow,AS,Normal,24,
126001A,Sandy Creek at Homebush,28/03/2017 8:12,0.079,0.033,0.112,High flow,AS,Normal,24,
126001A,Sandy Creek at Homebush,28/03/2017 19:40,0.045,0.034,0.079,High flow,AS,Normal,24,
126001A,Sandy Creek at Homebush,29/03/2017 2:16,0.023,0.031,0.054,High flow,AS,Normal,23,
126001A,Sandy Creek at Homebush,29/03/2017 10:16,0.026,0.025,0.051,High flow,AS,Normal,23,
126001A,Sandy Creek at Homebush,29/03/2017 14:32,0.006,0.017,0.023,High flow,AS,Normal,23,
126001A,Sandy Creek at Homebush,30/03/2017 14:12,0.015,0.023,0.038,High flow,AS,Normal,22,
126001A,Sandy Creek at Homebush,31/03/2017 2:28,0.016,0.022,0.038,High flow,AS,Normal,21,
126001A,Sandy Creek at Homebush,5/04/2017 14:10,0.245,0.012,0.257,High flow,MA,Normal,,0
126001A,Sandy Creek at Homebush,13/04/2017 12:55,0.428,0.019,0.447,High flow,MA,Normal,,0
126001A,Sandy Creek at Homebush,20/04/2017 13:30,0.845,0.012,0.857,Low flow,MA,Normal,35,0
126001A,Sandy Creek at Homebush,27/04/2017 15:45,0.813,0.014,0.827,Low flow,MA,Normal,28,0
126001A,Sandy Creek at Homebush,18/05/2017 16:05,0.609,0.015,0.624,High flow,AS,Normal,21,
126001A,Sandy Creek at Homebush,18/05/2017 20:03,0.417,0.018,0.435,High flow,AS,Normal,21,
126001A,Sandy Creek at Homebush,18/05/2017 21:27,0.421,0.019,0.44,High flow,AS,Normal,21,
126001A,Sandy Creek at Homebush,19/05/2017 0:57,0.775,0.016,0.791,High flow,AS,Normal,20,
126001A,Sandy Creek at Homebush,19/05/2017 7:05,0.477,0.012,0.489,High flow,AS,Normal,20,
126001A,Sandy Creek at Homebush,20/05/2017 0:37,0.278,0.018,0.296,High flow,AS,Normal,19,
126001A,Sandy Creek at Homebush,21/05/2017 0:53,0.125,0.015,0.14,High flow,AS,Normal,18,
126001A,Sandy Creek at Homebush,23/05/2017 1:17,0.21,0.016,0.226,High flow,AS,Normal,16,
126001A,Sandy Creek at Homebush,25/05/2017 8:40,0.43,0.026,0.456,High flow,MA,Normal,14,0
126001A,Sandy Creek at Homebush,16/06/2017 10:20,0.745,0.003,0.748,High flow,MA,Normal,18,0
126001A,Sandy Creek at Homebush,26/07/2017 9:50,0.984,0.017,1.001,High flow,MA,Normal,28,0
126001A,Sandy Creek at Homebush,26/07/2017 16:00,0.788,0.01,0.798,High flow,MA,Normal,28,0
126001A,Sandy Creek at Homebush,2/08/2017 14:00,0.637,0.004,0.641,High flow,MA,Normal,,0
126001A,Sandy Creek at Homebush,25/08/2017 13:45,0.758,0.003,0.761,Low flow,AS,Normal,,
126001A,Sandy Creek at Homebush,3/10/2017 14:15,0.104,0.018,0.122,Low flow,MA,Normal,16,0
126001A,Sandy Creek at Homebush,19/10/2017 6:03,0.304,0.014,0.318,First Flush,AS,Normal,,
126001A,Sandy Creek at Homebush,19/10/2017 12:11,0.902,0.04,0.942,First Flush,AS,Normal,,
126001A,Sandy Creek at Homebush,19/10/2017 18:19,0.613,0.013,0.626,First Flush,AS,Normal,,
126001A,Sandy Creek at Homebush,20/10/2017 0:27,3.33,0.097,3.427,First Flush,AS,Normal,,
126001A,Sandy Creek at Homebush,20/10/2017 6:35,3.53,0.222,3.752,First Flush,AS,Normal,,
126001A,Sandy Creek at Homebush,26/10/2017 14:45,2.09,0.015,2.105,First Flush,MA,Normal,,0
126001A,Sandy Creek at Homebush,3/11/2017 8:20,1.24,0.082,1.322,Low flow,MA,Normal,,0
126001A,Sandy Creek at Homebush,28/11/2017 10:35,0.528,0.005,0.533,Low flow,MA,Normal,51,0
126001A,Sandy Creek at Homebush,2/12/2017 3:58,0.233,0.019,0.252,Low flow,AS,Normal,47,
126001A,Sandy Creek at Homebush,2/12/2017 10:06,0.262,0.022,0.284,High flow,AS,Normal,47,
126001A,Sandy Creek at Homebush,2/12/2017 14:50,0.104,0.024,0.128,High flow,AS,Normal,47,
126001A,Sandy Creek at Homebush,3/12/2017 20:03,0.706,0.14,0.846,High flow,AS,Normal,52,
126001A,Sandy Creek at Homebush,4/12/2017 0:11,0.892,0.159,1.051,High flow,AS,Normal,51,
126001A,Sandy Creek at Homebush,4/12/2017 6:19,0.422,0.042,0.464,High flow,AS,Normal,51,
126001A,Sandy Creek at Homebush,4/12/2017 12:27,1.8,0.016,1.816,High flow,AS,Normal,51,
126001A,Sandy Creek at Homebush,4/12/2017 14:04,0.547,0.031,0.578,High flow,AS,Normal,51,
126001A,Sandy Creek at Homebush,5/12/2017 11:59,0.874,0.073,0.947,High flow,AS,Normal,50,
126001A,Sandy Creek at Homebush,5/12/2017 18:07,0.662,0.035,0.697,High flow,AS,Normal,50,
126001A,Sandy Creek at Homebush,6/12/2017 0:15,0.413,0.045,0.458,High flow,AS,Normal,49,
126001A,Sandy Creek at Homebush,6/12/2017 6:23,0.21,0.048,0.258,High flow,AS,Normal,49,
126001A,Sandy Creek at Homebush,12/12/2017 11:15,0.471,0.113,0.584,Low flow,MA,Thawed,43,0
126001A,Sandy Creek at Homebush,13/12/2017 15:19,0.424,0.1,0.524,High flow,AS,Thawed,42,
126001A,Sandy Creek at Homebush,13/12/2017 21:27,0.248,0.124,0.372,High flow,AS,Thawed,42,
126001A,Sandy Creek at Homebush,14/12/2017 3:35,0.224,0.089,0.313,Low flow,AS,Normal,41,
126001A,Sandy Creek at Homebush,14/12/2017 9:45,0.26,0.087,0.347,Low flow,AS,Normal,41,
126001A,Sandy Creek at Homebush,15/12/2017 9:00,0.338,0.108,0.446,Low flow,MA,Thawed,40,0
126001A,Sandy Creek at Homebush,4/02/2018 6:51,0.26,0.012,0.272,High flow,AS,Normal,43,
126001A,Sandy Creek at Homebush,4/02/2018 12:59,0.245,0.039,0.284,High flow,AS,Normal,43,
126001A,Sandy Creek at Homebush,4/02/2018 19:07,0.335,0.021,0.356,High flow,AS,Normal,43,
126001A,Sandy Creek at Homebush,5/02/2018 7:15,1.11,0.025,1.135,High flow,AS,Normal,42,
126001A,Sandy Creek at Homebush,7/02/2018 13:15,1.11,0.054,1.164,Low flow,MA,Normal,42,0
126001A,Sandy Creek at Homebush,23/02/2018 16:01,0.29,0.019,0.309,High flow,AS,Normal,70,
126001A,Sandy Creek at Homebush,23/02/2018 22:08,0.152,0.021,0.173,High flow,AS,Normal,70,
126001A,Sandy Creek at Homebush,24/02/2018 4:17,0.341,0.016,0.357,High flow,AS,Normal,69,
126001A,Sandy Creek at Homebush,24/02/2018 8:00,0.57,0.01,0.58,High flow,AS,Normal,69,
126001A,Sandy Creek at Homebush,24/02/2018 16:39,0.598,0.015,0.613,High flow,AS,Normal,69,
126001A,Sandy Creek at Homebush,25/02/2018 16:47,0.567,0.016,0.583,High flow,AS,Normal,68,
126001A,Sandy Creek at Homebush,25/02/2018 19:03,0.411,0.036,0.447,High flow,AS,Normal,68,
126001A,Sandy Creek at Homebush,26/02/2018 3:33,0.239,0.057,0.296,High flow,AS,Normal,67,
126001A,Sandy Creek at Homebush,28/02/2018 18:35,0.123,0.025,0.148,High flow,AS,Thawed,63,
126001A,Sandy Creek at Homebush,1/03/2018 0:43,0.172,0.023,0.195,High flow,AS,Thawed,62,
126001A,Sandy Creek at Homebush,1/03/2018 6:51,0.283,0.02,0.303,High flow,AS,Thawed,62,
126001A,Sandy Creek at Homebush,1/03/2018 12:58,0.259,0.022,0.281,High flow,AS,Thawed,62,
126001A,Sandy Creek at Homebush,1/03/2018 18:45,0.231,0.021,0.252,High flow,AS,Thawed,62,
126001A,Sandy Creek at Homebush,2/03/2018 0:57,0.084,0.014,0.098,High flow,AS,Thawed,61,
126001A,Sandy Creek at Homebush,2/03/2018 7:05,0.105,0.013,0.118,High flow,AS,Thawed,61,
126001A,Sandy Creek at Homebush,3/03/2018 0:01,0.244,0.038,0.282,High flow,AS,Thawed,60,
126001A,Sandy Creek at Homebush,3/03/2018 0:23,0.236,0.023,0.259,High flow,AS,Thawed,60,
126001A,Sandy Creek at Homebush,3/03/2018 6:31,0.29,0.023,0.313,High flow,AS,Thawed,60,
126001A,Sandy Creek at Homebush,3/03/2018 12:39,0.242,0.021,0.263,High flow,AS,Thawed,60,
126001A,Sandy Creek at Homebush,3/03/2018 18:47,0.196,0.02,0.216,High flow,AS,Thawed,60,
126001A,Sandy Creek at Homebush,4/03/2018 0:55,0.173,0.023,0.196,High flow,AS,Thawed,59,
126001A,Sandy Creek at Homebush,7/03/2018 12:00,0.258,0.055,0.313,Low flow,MA,Normal,58,0
126001A,Sandy Creek at Homebush,9/03/2018 10:00,0.288,0.057,0.345,Low flow,MA,Normal,56,0
126001A,Sandy Creek at Homebush,25/03/2018 16:43,0.21,0.019,0.229,High flow,AS,Normal,40,
126001A,Sandy Creek at Homebush,25/03/2018 22:51,0.175,0.022,0.197,High flow,AS,Normal,40,
126001A,Sandy Creek at Homebush,26/03/2018 4:59,0.169,0.022,0.191,High flow,AS,Normal,39,
126001A,Sandy Creek at Homebush,26/03/2018 11:07,0.236,0.02,0.256,High flow,AS,Normal,39,
126001A,Sandy Creek at Homebush,28/03/2018 14:30,0.23,0.032,0.262,Low flow,MA,Normal,,0
126001A,Sandy Creek at Homebush,2/04/2018 16:41,0.196,0.029,0.225,High flow,AS,Normal,,
126001A,Sandy Creek at Homebush,2/04/2018 17:03,0.254,0.032,0.286,High flow,AS,Normal,,
126001A,Sandy Creek at Homebush,2/04/2018 17:35,0.332,0.03,0.362,High flow,AS,Normal,,
126001A,Sandy Creek at Homebush,2/04/2018 18:21,0.399,0.037,0.436,High flow,AS,Normal,,
126001A,Sandy Creek at Homebush,2/04/2018 19:01,0.327,0.041,0.368,High flow,AS,Normal,,
126001A,Sandy Creek at Homebush,2/04/2018 20:21,0.307,0.029,0.336,High flow,AS,Normal,,
126001A,Sandy Creek at Homebush,2/04/2018 23:03,0.371,0.029,0.4,High flow,AS,Normal,,
126001A,Sandy Creek at Homebush,3/04/2018 4:01,0.288,0.02,0.308,High flow,AS,Normal,,
126001A,Sandy Creek at Homebush,3/04/2018 5:53,0.294,0.02,0.314,High flow,AS,Normal,,
126001A,Sandy Creek at Homebush,3/04/2018 9:43,0.281,0.024,0.305,High flow,AS,Normal,,
126001A,Sandy Creek at Homebush,3/04/2018 18:31,0.195,0.021,0.216,High flow,AS,Normal,,
126001A,Sandy Creek at Homebush,4/04/2018 5:49,0.095,0.023,0.118,High flow,AS,Normal,85,
126001A,Sandy Creek at Homebush,4/04/2018 14:52,0.151,0.022,0.173,High flow,AS,Normal,85,
126001A,Sandy Creek at Homebush,5/04/2018 0:05,0.118,0.021,0.139,High flow,AS,Normal,84,
126001A,Sandy Creek at Homebush,5/04/2018 9:13,0.101,0.019,0.12,High flow,AS,Normal,84,
126001A,Sandy Creek at Homebush,5/04/2018 12:00,0.087,0.014,0.101,High flow,AS,Normal,84,
126001A,Sandy Creek at Homebush,11/04/2018 9:45,0.273,0.032,0.305,Low flow,MA,Normal,78,0
126001A,Sandy Creek at Homebush,14/04/2018 17:59,0.156,0.027,0.183,High flow,AS,Normal,53,
126001A,Sandy Creek at Homebush,15/04/2018 0:07,0.114,0.029,0.143,High flow,AS,Normal,52,
126001A,Sandy Creek at Homebush,15/04/2018 6:15,0.12,0.032,0.152,High flow,AS,Normal,52,
126001A,Sandy Creek at Homebush,15/04/2018 12:23,0.094,0.027,0.121,High flow,AS,Normal,52,
126001A,Sandy Creek at Homebush,15/04/2018 18:31,0.082,0.026,0.108,High flow,AS,Normal,52,
126001A,Sandy Creek at Homebush,16/04/2018 0:39,0.071,0.025,0.096,High flow,AS,Normal,51,
126001A,Sandy Creek at Homebush,16/04/2018 6:47,0.082,0.028,0.11,High flow,AS,Normal,51,
126001A,Sandy Creek at Homebush,18/04/2018 10:05,0.185,0.029,0.214,High flow,MA,Normal,49,0
126001A,Sandy Creek at Homebush,2/05/2018 11:45,0.59,0.02,0.61,Low flow,MA,Normal,,0
126001A,Sandy Creek at Homebush,28/05/2018 10:20,0.736,0.004,0.74,Low flow,AS,Normal,42,
